1568,Point West Drive,Victoria,Alberta,Canada
161,Echo Avenue,Victoria,Alberta,Canada
596,Echo Avenue,Calgary,British Columbia,Canada
1052,Gerimia Street,Victoria,Ontario,Canada
1012,Main Street,Toronto,Ontario,Canada
1636,Gerimia Street,London,Ontario,Canada
1926,Gerimia Street,London,Ontario,Canada
1441,Echo Avenue,Calgary,Ontario,Canada
672,Gerimia Street,Toronto,Ontario,Canada
890,Echo Avenue,London,Ontario,Canada
231,Point West Drive,Toronto,Ontario,Canada
1074,Echo Avenue,Calgary,Ontario,Canada
1110,Gerimia Street,Victoria,Ontario,Canada
991,Echo Avenue,Toronto,Alberta,Canada
1779,Echo Avenue,Calgary,British Columbia,Canada
1170,Echo Avenue,Calgary,British Columbia,Canada
1224,Point West Drive,Calgary,Ontario,Canada
725,Echo Avenue,Toronto,British Columbia,Canada
650,Point West Drive,London,Ontario,Canada
675,Point West Drive,Calgary,British Columbia,Canada
660,Echo Avenue,London,Ontario,Canada
886,Point West Drive,Calgary,British Columbia,Canada
125,Point West Drive,Calgary,Ontario,Canada
1683,Gerimia Street,London,British Columbia,Canada
894,Main Street,London,Ontario,Canada
1709,Gerimia Street,Calgary,Alberta,Canada
1121,Gerimia Street,Toronto,British Columbia,Canada
1037,Point West Drive,London,British Columbia,Canada
475,Main Street,Calgary,Ontario,Canada
1828,Main Street,London,Alberta,Canada
1022,Point West Drive,Calgary,British Columbia,Canada
56,Echo Avenue,Toronto,Alberta,Canada
1939,Gerimia Street,Calgary,British Columbia,Canada
1271,Point West Drive,Victoria,Alberta,Canada
1596,Main Street,London,Ontario,Canada
962,Gerimia Street,London,British Columbia,Canada
1171,Echo Avenue,Calgary,Ontario,Canada
468,Echo Avenue,London,Alberta,Canada
134,Main Street,Toronto,British Columbia,Canada
1633,Point West Drive,Victoria,British Columbia,Canada
952,Echo Avenue,London,British Columbia,Canada
742,Echo Avenue,Victoria,Alberta,Canada
722,Point West Drive,Victoria,Alberta,Canada
74,Main Street,Calgary,Ontario,Canada
1427,Point West Drive,Victoria,Ontario,Canada
1155,Gerimia Street,Calgary,British Columbia,Canada
1871,Echo Avenue,Victoria,Ontario,Canada
1237,Gerimia Street,Victoria,Ontario,Canada
1811,Echo Avenue,Victoria,British Columbia,Canada
1666,Point West Drive,London,Ontario,Canada
1578,Echo Avenue,London,British Columbia,England
1308,Point West Drive,London,Ontario,England
1736,Gerimia Street,Calgary,British Columbia,Canada
982,Gerimia Street,Victoria,Alberta,England
1821,Point West Drive,London,Ontario,England
1506,Point West Drive,Calgary,British Columbia,Canada
19,Main Street,Calgary,Ontario,England
1152,Gerimia Street,Toronto,British Columbia,England
1614,Point West Drive,Toronto,Ontario,Canada
209,Point West Drive,Victoria,British Columbia,Canada
1374,Gerimia Street,Victoria,Ontario,Canada
1996,Main Street,Victoria,Ontario,England
1981,Echo Avenue,Toronto,Alberta,Canada
1758,Echo Avenue,Toronto,Ontario,England
543,Point West Drive,London,British Columbia,Canada
350,Gerimia Street,Calgary,Alberta,England
441,Main Street,London,Alberta,Canada
1677,Main Street,Victoria,Alberta,England
1338,Main Street,Calgary,Ontario,England
238,Main Street,Victoria,British Columbia,Canada
460,Point West Drive,Calgary,British Columbia,Canada
532,Gerimia Street,Calgary,Ontario,Canada
831,Main Street,Calgary,Ontario,England
1360,Echo Avenue,Victoria,British Columbia,Canada
187,Gerimia Street,Victoria,British Columbia,Canada
335,Main Street,Calgary,Ontario,Canada
300,Echo Avenue,Victoria,British Columbia,Canada
44,Main Street,Toronto,Alberta,Canada
1719,Echo Avenue,London,British Columbia,England
496,Main Street,London,Ontario,Canada
340,Echo Avenue,Calgary,Alberta,Canada
1334,Echo Avenue,Toronto,Alberta,Canada
1742,Point West Drive,Toronto,Ontario,England
101,Main Street,Victoria,Alberta,Canada
1000,Main Street,London,Ontario,England
1567,Point West Drive,London,British Columbia,Canada
411,Gerimia Street,Calgary,Ontario,Canada
619,Echo Avenue,Toronto,Ontario,England
970,Echo Avenue,Calgary,Alberta,England
1430,Main Street,Victoria,Alberta,England
1289,Echo Avenue,London,Ontario,England
3,Echo Avenue,Victoria,British Columbia,England
188,Point West Drive,London,Ontario,England
1772,Gerimia Street,London,Ontario,England
991,Echo Avenue,Calgary,British Columbia,England
1502,Echo Parkway,Moncton,Alberta,Canada
227,Easy Avenue,Windsor,Alberta,Canada
1805,Brockville Lane,Ottawa,Ontario,Canada
1060,Easy Avenue,Toronto,Nova Scotia,Canada
1496,Cumberland,Toronto,Ontario,Canada
721,Cumberland,Windsor,Nova Scotia,England
330,Easy Avenue,Moncton,Nova Scotia,England
1604,Brockville Lane,Toronto,Ontario,England
303,Easy Avenue,Windsor,Nova Scotia,England
1476,Easy Avenue,Moncton,Alberta,England
363,Cumberland,Ottawa,Ontario,Canada
1784,Echo Parkway,Windsor,Nova Scotia,Canada
342,Cumberland,Moncton,Alberta,England
1746,Cumberland,Ottawa,Ontario,England
1441,Cumberland,Ottawa,Ontario,Canada
193,Pointe West Drive,Amherstburg,ON,Canada
193,Pointe West Drive,amhersburg,Ontario,Canada
193,193 Point West Drive,Amherstbugr,Ontario,Canada
193, Point West Drive,Amherstbugr,Ontario,Canada
